{"_RQdWwHrky":true,"_hpUtWkgqO":false,"_EHxuhYFfP":"values","_vVECxgOoL":"_buildingsAll","_WmRseOvCJ":"_h","_BTUDXzogw":"h","_YwIoQCPxl":"map","_uKHfVZBdi":"type","_ocRgkHwUl":"posx","_qWNOZlXdS":"posy","_EgAipRPFZ":"_type","_JwnhKmiAv":"_pos","_ufxRzNvaD":"x","_EtSHfkbYL":"y","_noYXkRHGT":0,"_iuhkTXmeU":"length","_jLOQweABu":-1,"_sd2fdes34":1,"_KBrlCzqXJ":[[275,276,277],[305,306],[361,362,387],[22,32,33],[10,86,88,111,87],[114,130,270,187],[14,172,180,181],[278,280],[279,281]],"_oDHTplWMC":"includes","_EXtKQoixR":"filter","_GSNhwzqMU":"forEach","_IoDGShCKU":208,"_jhvcOMkdU":166,"_HLzMPidXo":"ToISO","_wCqYgHTeR":"_mapWidth","_vJMBWdPwK":"_mapHeight","_eHguRpUKX":10,"_pTsmUyLDZ":0.5,"_ytHwBQjWU":"FootprintBlocked","_kiuhRXdwY":"get_footprint","_dqWrkUXMZ":"get_type","_OnkFhgExJ":"isBarrier","_VnhEPKdyW":"concat","_jWtQkrmIV":"isDecoration","_cUGzMvBlT":"indexOf","_oEHwmFpMJ":"gridPosition","_vWskfheQC":"removeFootprintFromGrid","_wnEfbjRkA":"attemptRotation","_dhZFMGneJ":"getRotatedId","_cHAwXlmgy":"StartMove","_mPBQTvuwg":"ShowFootprints","_PzRQXoyMI":"setPosition","_UKwogDzLf":"addFootprintToGrid","_BKwrYVTfu":"building_build_token","_OtdQipRkC":"get_Instance","_nSrwzPQIA":"getSaveToken","_LMfYZidox":"data","_IfyBUlsXH":"encode","_HEodmFuzN":"X","_ySOqGxDBt":"Y","_tEzFKqvJU":"action","_PLhMJpwHc":"rotate","_fwDZQuoWL":"building_id","_oGMYkfvTj":"get_id","_PfhoLUOqH":"oX","_lBgJTXeZK":"oY","_syOECfqgk":"resources","_FLBWvruCI":"time","_uGSqDKOBL":"getServerTimestampSeconds","_tfOLNbDFh":"to_level","_obYhGSWIV":"_level","_pTuROvBIy":"simplePHPRequest","_ghOEsNKUM":"_apiURL","_JdhSboCGZ":"building/production","_PqlXbgeKc":"setSaveToken","_VsJZukEon":"success","_EOwPQkdzI":"BuildBlockers","_GRXkyelMH":"canBePlacedOutsideBaseBounds","_IzgRHcFNp":"_gridBuildingTypes","_cIdmXFWkJ":"slice","_AVzIlOqRG":"shift","_qOrBzDmCV":"move","_jtxRFUEYQ":"_activePopups","_gwqHWxDrI":"_widgetPlatoonManager","_YcXzVrqAf":"_platoon","_ZpmWxfHEQ":"_squads","_pzTQOeHfw":"_roster","_fPMUKoBsg":"_units","_UbqBRsCKj":"_data","_gWVXqrOjM":"_health","_MdWtfHPoq":896,"_GvDyEFZBo":9858,"_qyUPRHxwo":"push","_CKmTXnaUY":"ui","_XVndPRxIc":"_uniqueID","_iHUFXobMe":"t","_yAOkSPxCN":"removeUnit","_QWmHYAbic":"get_uid","_dZjoERwuL":"GetStagingRoster","_PMxlJIQev":15000,"_jwEsMkdGL":17250,"_cDThUoqMX":"getHangarRoster","_pUMTfnDBW":962,"_ewfek3kfg":984,"_Dgkdm4n4s":30000,"_Sfkkdwd4n":573,"_skdkrd3tg":8700,"_QVtXrlIFN":18000,"_k4jfnmfg3":22929,"_SFQcrUYxh":961,"_XfzHTdbLR":12060,"_mVRUpkLhd":952,"_vCoUTPeAz":951,"_bgXlWFoPY":14625,"_UvMnPFzdK":936,"_HPnFszukA":9000,"_pHwYuTObG":893,"_cUtGDsmHR":9000000,"_UvboZPKFr":939,"_SFcuvpQYl":13751,"_aGDRcqYPm":920,"_pIGdCyBsn":14001,"_qYxODanwl":898,"_dWfhKNyoT":9335,"_QDYUscrvb":"_Name","_ToHgjVlyQ":"AirSigma","_sdsd2kfe3":"Air Sigma","_sdw23fd4k":"Air Maverick","_dsf334ng4":"Air Moved","_uXZgmVnPE":"addUnit","_gKWtBXLDv":2,"_gANXtSUxR":"IsDamaged","_iLdUsHGfP":"p","_WmuAxgyDf":"us","_olVTXnUBi":"rebuild","_xokIgAKGh":"Update","_VBdcHyJfT":"_isPlatoonDirty","_xnGokUYaB":"Save","_gSHcOAkXW":null,"_PyTIuzRmh":"Purchase","_hQomZkRvJ":"CreateRepairPlatoon","_JBfvZgyLO":"GetPlatoonRepairCost","_KXBZnMvRU":"get_ID","_aZMhXpIJz":"_widgetSummaries","_qXVhkcWFj":"get_activeSummaryIndex","_odTylMrSe":"InitPlatoons","_RpsWOfKhZ":"_unitData","_ixFCmQqnv":"_coreUnitData","_qPHkObisT":"instance","_VkRCfovNU":"OrderUnitUseAbility","_pCLWaDtXn":200,"_MRnbZAvye":400,"_kMGtOlXBD":"_attackerPlatoons","_sfd35j2nk":"attackerPlatoons","_ARJmtVyKo":"toLowerCase","_SYXtoPuQd":4,"_sdhj345mf":6,"_KoTnRUDjX":3,"_WIfgQDUbo":[{"x":-2,"y":137},{"x":2,"y":-177},{"x":-1,"y":-26},{"x":-44,"y":494},{"x":54,"y":-540},{"x":-60,"y":980},{"x":110,"y":-988}],"_AYoGZxLmc":[{"x":-224,"y":92},{"x":-200,"y":-210},{"x":22,"y":-28},{"x":-380,"y":-412},{"x":746,"y":232},{"x":-946,"y":-646},{"x":1398,"y":192}],"_uKnfLsyhM":[{"x":-162,"y":-160},{"x":328,"y":98},{"x":26,"y":-40},{"x":-680,"y":-162},{"x":520,"y":438},{"x":-1110,"y":-448},{"x":756,"y":684}],"_oFUPQMCSl":[{"x":178,"y":-134},{"x":-282,"y":100},{"x":-26,"y":-26},{"x":592,"y":-226},{"x":-450,"y":286},{"x":1090,"y":-334},{"x":-786,"y":556}],"_pMVGhuZXF":[{"x":-302,"y":138},{"x":302,"y":-228},{"x":16,"y":-30},{"x":-876,"y":150},{"x":470,"y":-376},{"x":-1596,"y":344},{"x":686,"y":-738}],"_qzJLOfMBC":"_activeBattles","_MrkYLsaFV":"_attackInfo","_qViLfJGYD":"platoonInfo","_sFgXZUlVi":"units","_zgHqKxlUP":"squads","_NVuXyDkzH":"unitType","_lWtFGKyCP":657,"_qEUyFkKZn":"_destroyed","_IpkLVmsuF":[19,8,14,172,180,181,357,22,32,33,144,13,30,29,36,130,362,361,62],"_TFGUpDMQk":[562,895,891,743,469,905,955,965,937,969,968,960,959,929,945],"_OjzMRkmQp":"defineProperty","_YmWnOxqvL":"get","_OipTMegzX":"set","_wKZmTfRUB":"_dead","_FrDoIShyM":[357,144,19,895,891,743,14,172,180,181,8,562,22,32,33,36,955,905,978,965,945,929,969,968,960,959,937,13,30,29,130,362,361,62],"_pLSuMzBYN":"sort","_rOMNZvfgI":"unshift","_VflJkIZDh":972,"_FNZByuGlS":"air","_jOSWuMloH":"SquadDeploy","_FqXNiOJTu":"SquadRetreat","_XjnHftoDU":50,"_lwSYgKUBN":"SendGroupMoveOrder","_jKmxCOzvH":905,"_EpLYMqvJX":"_stealthRatio","_hTUoYrMgX":469,"_MrXZgFpvY":"SendGroupAttackOrder","_TUNvGaMeR":[951,896,961,984,598],"_uKrnBGmCy":500,"_WmuOpxvFA":3000,"_YgjkPQMoF":4500,"_sjkdhsud3":971,"_GzktWRleU":[951,896,961,936,939,971,984,598],"_DrAYfKzHQ":"SendStopOrder","_uRmALwGqe":930,"_lzXwnMTvi":929,"_FqEzIkBcM":"_playerPlatoonIdsByUnitId","_hZRVosfIq":[16,9,113,115,117,120,121],"_qYMfVCokl":"keyCode","_qBdLhsvPU":"platoon_token","_pWfNUKdzv":"update","_uJqoYNBRi":"fire_teams","_gXRoWFpUv":"id","_pWRVtLfIU":"name","_oqyWLjTxf":"state","_opZDvJFIh":"return_home","_oQJhMfzeT":"uids","_fRODyAbKL":"platoon","_jLfMwzDAh":"onLoadError","_URbwFkmoC":"paircraftPvP","_VdAzrWFXT":"_attackMenu","_dQUmlhvPE":"_missileOffenseHUD","_WnQSzfvHR":"ShowTempText","_YApwnMDUG":"AirMoved","_VpmxnTYDo":5,"_xSoLAzGvl":"sqrt","_xpwQgTEFk":[19,22,32,33,8,357,144,13,30,29,36,130,362,361,62],"_OkMfZDqRr":[951,896,961,936,939,971,984,598],"_LTnFakJRC":[22,32,33],"_fSNdOuqWM":956,"_aPwDMgjOt":975,"_nHAUrxGPz":"get_isBattleActive","_mAxDjfSBh":978,"_HGYUjrNKo":100,"_TUrEsJWvz":450,"_hsdi4shdd":901,"_ZndMFqvJk":[930,929],"_qMEVLkjPQ":[22,32,33,14,172,180,181],"_sdwe354nk":[975,974,905],"_TpFNzJXvD":382,"_Effkm35gn":378,"_GvZLtkHXN":"paircraft","_LoDPAxfCG":"AirAlpha","_sdfjh3rbf":"Air Alpha","_IhuWNsMgA":607,"_pRBqtvKHX":[964,966,986,987,988],"_jFNdHwoTX":"OrderUnitFireAtWill","_TnHRfgKml":487,"_uzSBXtDph":"passaultair","_pWIqsNEZj":"AirMaverick","_oHjvLpyQr":15,"_fZrDFXbsn":381,"_JfQRLsWHk":"raijin","_WKdk4sjo3":"lumos","_QKlTXfdzm":606,"_sdnk34nfk":502,"_R434lN3gk":"set_userId","_egmo6mp4m":"_controller","_Osofj5kki":"_mapService","_ofml4o6nh":"connection","_Pmflkw4in":"sendMessage","_fc2n4j4gs":402,"_zRtyOxJUv":1500,"_MfXRoGjzt":800,"_pTlRKfvSI":2800,"_EOfLTnRzK":512,"_BnpvXsDRu":492,"_GMXJzOUHF":"_uniquePlayerPlatoons","_RvUgZYObf":"_ID","_sMPxRKJOC":"pbasedefender","_WpAFSlKmc":"pairdefender","_PlVFgQKwz":"_maxHealth","_XRqBoOfzC":19,"_oWAnZFtpq":22,"_fzOdNlgcP":32,"_XGArNSiKz":33,"_HzXwDUokF":"_id","_hLqRvXYME":357,"_ARoqWYPsI":8,"_EUzVcqSHB":"_target","_YPGOslIwK":"purchaseRepairBuilding","_GJptOemHY":"ProduceMine","_WRZpKLXut":18,"_LYqVxpkBn":"ApplyPurchase","_WMmBZrQiX":"CreateMineFactoryFinishProduce","_zDMiRplSn":728,"_HbgMsUlJv":489,"_uQTiSrRCD":"AirDeploy","_pBnRYxFOh":3500,"_MfLjHvTAi":370,"_rCUJXklEP":"zeus","_sd3hjh345":11,"_rC4JjkuEo":{},"_rg5Jweuko":[],"_Tjn3h054g":["ops_temp_token1/1","ops_temp_token2/1","ops_temp_token3/1"],"_tjyons34m":"split","_epoy456hm":"/","_4mfm4gmds":"set_requestId","_k3fpo5kgr":"set_sku","_Pfmefk4gf":"set_quantity","_Ekmdf5gkd":"get_invoices","_effdxk5gk":"get_controller","_Effkgjg4d":52,"_kj3fn5nfg":"Show","_Krsdk4fnd":[723,893,886],"_sd3df4fsd":[895,891,743],"_pgf5mgm6h":[275,276,277,10,86,88,111,87],"_Wldkj4nfd":1200,"_ofrnmdf4m":886,"_Pmdwemc4s":8724,"_Pklsk4fm3":969,"_SKFkfdmgd":17,"_FKg4ncn4m":743,"_lsdk23mdm":"start","_SKermcm34":"end","_fgl4kkdg":895,"_lh56lgdh":807,"_Kg4k0cm4":[971,972,854,920,901,962,952,975,821,973,965,990,886,893,723],"_Krk5kdlg":[971],"_Ogk34kmd":[275,86],"_KEkdl4kf":[357,144],"_sdl3dl3l":[144],"_OGKgm4mf":[275,276,277,10,86,88,111,87,357,144],"_OEfmm4mf":"_airAvailable","_lksk3kmd":"setInterval","_LGr4mgmd":"setTimeout","_kgkfm4dl":991,"_lsjmemc4":"clearInterval","_ksk23mms":"SendStandGroundOrder","_lem4mdmd":"AirRetreat","_dkk43lds":"getBuildingByType","_Sk3kdmmd":37,"_k4emmdff":"GenerateUnitID","_lskm3mdm":"unit_build_token","_lskkm3mm":3000000,"_kskkj3md":"create","_smme3mnm":"finish","_kfkm4mfs":"unit/production","_lksm3mdm":[{"x":964,"y":-898},{"x":1990,"y":-34},{"x":1062,"y":932},{"x":-1124,"y":956},{"x":-1974,"y":-30},{"x":-1086,"y":-934}],"_Kwt3mdm3":[144,357],"_pkdmewlm":[144,357,14,172,180,181],"_lsm3mdro":20,"_kdkm23md":"get_instance","_P3mdkn4m":"_dictionariesOfTargetReticlesByObjectType","_klk33kfg":"_activeReticleIndex","_l3mmdm4m":"setTarget","_k5k3mmdf":"clearDynamicReticles","_L3jkdmmc":"resetReticleModes","_kj43nmfmn":5000,"_g5mmfmfgh":374,"_mvckj4dml":376,"_k3kdmm0dd":4000,"_mm34ncmdl":[886,990],"_kk3mdm45m":24,"_osjn3ndnm":"_mc","_p3kdmmdm4":"__visible","_msm3nmdm5":"_mcBase","_lkkm3dnnd":"set_visible","_kl3dmmgk4":119,"_46mmmgmdp":11,"_lkm3mndmd":-8000,"_kdm3jdmmd":723,"_msm3jkdml":"prompt","_kf4mmdmmd":"","_Kk3djmmk4":456,"_l3kmfdmf3":"MAVERICK","_l67mmkl5k":"BULLSEYE","_sdhj3453f":6,"_kf4mcld3f":118,"_m3jdj3dkl":"_teamid","_k3kd5f4h4":150,"_lkd3jdjn3":456,"_l3mdfm4m3":{"896":9858,"901":15000,"962":18000,"984":30000,"573":8700,"961":12060,"952":22929,"951":14625,"920":14001,"898":9335},"_k3nmcm4md":{"971":17250,"893":10800,"886":8724,"936":9000,"939":13751},"_kk3kmdk3l":"keys","_k3k4k5lsf":"Auto","_kkl3dml4l":"relocateToFriend","_ldk3omdmd":"https://v143.azure-api.net/api/Users/fk4j","_Ld3kdmmd3":"ok","_kmd3jk5gh":7,"_k3md67m54":"json","_kk4mfdm3m":"then"}